condition,episode,step,return,cost,true_cost,exposed_cost,steps,violated
safedreamer_obs_noise_0.1,0,1005,4.756796879111789,20.0,20.0,20.0,200,1
safedreamer_obs_noise_0.1,1,2010,15.613735036480648,21.0,21.0,21.0,200,1
safedreamer_obs_noise_0.1,2,3015,0.26843519396788906,0.0,0.0,0.0,200,0
safedreamer_obs_noise_0.1,3,4020,18.443040964542888,0.0,0.0,0.0,200,0
safedreamer_obs_noise_0.1,4,5025,9.132436136324031,0.0,0.0,0.0,200,0
