seed,return,cost,true_cost,exposed_cost,steps,violated
0,-26.289001932735427,0.0,0.0,0.0,1000,0
1,-26.152193105411293,0.0,0.0,0.0,1000,0
